age,income,occupation,gender,family_size,risk_appetite,label
57,43174,Manager,Female,2,2,1
29,33246,Entry Level,Female,1,4,1
37,99411,Manager,Male,5,5,2
51,51020,Executive,Female,5,1,1
50,41141,Executive,Male,3,2,1
27,42235,Student,Male,2,1,1
51,71462,Executive,Female,1,3,1
43,63411,Mid-Level,Female,5,3,1
33,57003,Manager,Female,3,3,2
27,51633,Student,Male,1,5,1
52,84177,Executive,Female,5,1,1
47,53453,Executive,Male,5,5,1
44,74810,Manager,Female,5,2,1
32,35445,Mid-Level,Male,3,4,1
46,89695,Executive,Female,5,1,1
53,48147,Executive,Female,4,2,1
42,48556,Mid-Level,Male,5,3,1
22,62573,Student,Male,3,5,1
31,34326,Mid-Level,Female,6,5,1
36,62194,Mid-Level,Male,6,1,1
59,49656,Manager,Female,2,5,1
47,40628,Manager,Female,4,2,1
33,68125,Mid-Level,Male,1,1,1
57,36946,Manager,Female,5,5,1
44,53563,Mid-Level,Female,4,1,1
41,73667,Manager,Female,6,2,1
44,89067,Manager,Female,5,4,3
25,66749,Student,Female,5,1,1
47,80912,Executive,Female,3,1,1
31,64819,Mid-Level,Male,2,1,1
43,90168,Manager,Female,2,1,1
52,92067,Manager,Female,6,4,3
44,51109,Mid-Level,Female,1,4,1
53,54981,Manager,Female,5,5,1
23,65420,Student,Male,3,2,1
23,75381,Student,Female,3,3,1
56,82539,Manager,Male,3,3,1
35,92545,Mid-Level,Female,3,1,1
56,75607,Manager,Male,5,1,1
47,76564,Manager,Male,6,4,3
41,96751,Mid-Level,Male,2,2,1
44,92188,Mid-Level,Male,2,5,1
32,46851,Mid-Level,Female,6,2,1
31,63758,Manager,Female,5,4,2
45,63830,Manager,Male,3,4,1
55,97671,Executive,Male,3,2,1
52,39280,Manager,Female,1,1,1
55,56612,Manager,Male,1,5,1
36,72767,Mid-Level,Male,4,3,1
29,55208,Homemaker,Female,1,5,1
31,47279,Manager,Female,5,5,2
49,75508,Executive,Male,3,1,1
44,32273,Manager,Male,2,4,1
60,43332,Executive,Male,1,1,1
23,97580,Entry Level,Male,6,5,1
28,98720,Homemaker,Female,2,5,1
54,72474,Manager,Female,6,5,3
36,97070,Mid-Level,Male,2,4,1
43,46566,Manager,Female,1,4,1
31,41556,Mid-Level,Male,3,5,1
42,58347,Manager,Female,1,3,1
38,61627,Manager,Female,3,3,2
53,82820,Manager,Male,3,5,1
37,82450,Mid-Level,Male,6,2,1
55,42199,Manager,Female,1,2,1
58,89891,Executive,Male,5,3,1
41,56496,Mid-Level,Male,5,5,1
38,56823,Manager,Female,3,4,2
43,91436,Mid-Level,Male,3,5,1
55,73000,Executive,Male,3,2,1
52,66226,Manager,Female,4,2,1
47,60197,Manager,Male,1,2,1
25,92890,Student,Male,2,4,1
45,78726,Manager,Female,5,5,3
36,81267,Manager,Male,2,5,2
23,60545,Entry Level,Female,6,2,1
60,89493,Executive,Female,4,1,1
32,57095,Mid-Level,Male,5,2,1
34,94734,Mid-Level,Male,5,5,1
29,30140,Student,Male,6,4,1
52,40272,Executive,Male,4,1,1
51,42605,Executive,Female,4,3,1
34,33290,Manager,Male,4,4,1
45,83956,Executive,Male,6,1,1
47,46303,Executive,Female,5,5,1
44,84894,Manager,Male,1,1,1
26,84328,Entry Level,Female,2,5,1
27,37422,Entry Level,Female,2,3,1
60,32098,Executive,Female,2,5,1
58,65062,Executive,Male,6,1,1
27,86907,Student,Male,4,4,1
22,77761,Student,Female,5,2,1
27,93836,Student,Female,2,4,1
35,42163,Mid-Level,Female,6,4,1
42,67276,Manager,Male,4,5,3
53,92222,Executive,Male,4,3,1
31,59160,Manager,Male,2,1,1
29,34051,Entry Level,Male,2,1,1
22,38565,Entry Level,Male,1,5,1
28,99225,Student,Male,3,3,1
37,51142,Mid-Level,Male,4,1,1
55,67344,Executive,Female,4,5,3
45,77766,Manager,Male,5,4,3
30,69737,Mid-Level,Male,3,2,1
42,55035,Manager,Female,2,5,1
36,96014,Mid-Level,Female,2,1,1
46,39938,Manager,Male,2,2,1
23,94514,Homemaker,Female,1,4,1
56,90584,Executive,Female,4,2,1
39,30762,Mid-Level,Female,2,1,1
48,81745,Manager,Male,6,1,1
31,48187,Manager,Male,3,1,1
47,82708,Manager,Male,6,5,3
37,73033,Mid-Level,Female,4,4,1
56,59110,Manager,Male,3,2,1
57,76074,Manager,Female,2,3,1
40,75863,Mid-Level,Female,3,3,1
33,32486,Mid-Level,Female,5,3,1
60,54287,Manager,Female,6,2,1
36,64678,Mid-Level,Male,4,2,1
52,55875,Manager,Female,3,3,1
58,73564,Executive,Male,5,4,3
37,71859,Manager,Male,1,3,2
58,39708,Manager,Female,3,1,1
28,93235,Entry Level,Male,4,3,1
55,43171,Manager,Female,1,4,1
35,96296,Mid-Level,Female,5,1,1
20,87370,Entry Level,Female,6,2,1
34,72347,Mid-Level,Female,4,5,1
41,79989,Manager,Female,5,4,3
43,85249,Mid-Level,Male,1,5,1
42,39304,Manager,Male,4,5,1
24,62679,Entry Level,Female,6,1,1
37,87011,Mid-Level,Male,6,3,1
35,70884,Mid-Level,Male,2,4,1
24,89727,Entry Level,Male,1,3,1
48,35320,Manager,Female,4,2,1
21,56928,Homemaker,Female,5,3,1
47,63859,Executive,Female,3,2,1
44,72584,Manager,Male,2,5,1
39,93611,Manager,Male,3,1,1
23,40483,Student,Female,2,4,1
33,36143,Manager,Female,5,2,1
49,57871,Executive,Female,4,4,1
22,80364,Student,Male,4,2,1
50,78456,Executive,Female,5,2,1
28,88080,Student,Female,3,2,1
33,86879,Manager,Female,4,3,2
60,90073,Manager,Female,1,3,1
40,65914,Manager,Male,2,4,2
49,45377,Executive,Female,5,2,1
24,49597,Student,Female,4,5,1
45,68539,Executive,Female,3,1,1
48,74667,Manager,Male,4,2,1
56,89885,Manager,Female,1,3,1
31,76145,Manager,Female,5,2,1
46,99029,Manager,Female,6,5,3
50,46324,Executive,Female,5,3,1
47,92539,Executive,Male,1,1,1
57,65942,Executive,Male,1,4,1
50,81281,Manager,Male,2,2,1
43,43624,Manager,Female,6,4,1
40,59910,Mid-Level,Female,1,4,1
48,84363,Manager,Male,4,4,3
53,36132,Manager,Male,6,4,1
49,85299,Manager,Female,4,5,3
39,55431,Mid-Level,Male,6,1,1
29,91362,Entry Level,Male,6,3,1
29,48236,Homemaker,Female,2,4,1
46,70526,Manager,Male,4,2,1
28,64347,Entry Level,Male,5,3,1
26,43377,Entry Level,Male,1,1,1
31,84819,Manager,Female,6,3,2
26,83304,Entry Level,Female,2,5,1
23,90948,Student,Female,5,3,1
29,78450,Entry Level,Male,2,3,1
33,50114,Mid-Level,Male,2,3,1
42,99451,Mid-Level,Male,2,5,1
57,40830,Executive,Female,4,5,1
21,37007,Student,Female,4,5,1
44,32530,Mid-Level,Male,5,5,1
39,79927,Mid-Level,Female,2,3,1
44,53394,Mid-Level,Male,2,2,1
36,99545,Manager,Female,3,5,2
31,72326,Mid-Level,Male,1,1,1
44,97647,Manager,Male,4,1,1
60,49741,Executive,Male,5,4,1
44,51297,Mid-Level,Female,2,2,1
29,97941,Student,Female,1,5,1
43,58366,Mid-Level,Female,1,1,1
25,36286,Entry Level,Male,5,5,1
37,92344,Manager,Male,3,4,2
31,36329,Mid-Level,Male,5,1,1
58,91807,Executive,Female,4,4,3
38,93705,Manager,Male,1,5,2
21,47351,Entry Level,Female,5,4,1
49,31466,Executive,Male,3,2,1
20,32326,Entry Level,Female,5,5,1
31,87776,Mid-Level,Male,5,2,1
56,90864,Manager,Male,2,3,1
60,30770,Executive,Female,1,2,1
51,44731,Executive,Male,5,4,1
46,36660,Executive,Male,4,4,1
34,95848,Mid-Level,Female,4,2,1
23,55169,Student,Female,3,3,1
59,81357,Manager,Male,4,4,3
30,49880,Mid-Level,Male,6,5,1
50,50946,Executive,Female,2,4,1
39,35548,Mid-Level,Male,4,4,1
50,67509,Executive,Female,6,1,1
55,31313,Manager,Male,5,4,1
34,56339,Mid-Level,Male,5,4,1
35,71280,Mid-Level,Male,5,4,1
32,39712,Manager,Female,4,2,1
48,86279,Manager,Female,2,5,1
23,34868,Homemaker,Female,4,1,1
31,32138,Manager,Male,5,4,1
41,62418,Manager,Male,4,4,3
45,59206,Executive,Female,6,1,1
39,36920,Mid-Level,Male,6,4,1
51,64584,Manager,Female,5,1,1
27,42938,Homemaker,Female,2,5,1
41,92719,Mid-Level,Female,6,4,3
38,44083,Manager,Female,3,5,2
44,65494,Mid-Level,Female,1,2,1
29,58907,Homemaker,Female,5,2,1
44,79845,Manager,Male,4,3,1
45,65789,Executive,Female,3,5,1
20,35979,Student,Male,1,3,1
52,58570,Executive,Male,2,1,1
60,79218,Manager,Female,1,2,1
43,34162,Manager,Male,1,5,1
45,48629,Executive,Female,6,5,1
25,33242,Student,Male,6,4,1
58,53929,Manager,Female,2,4,1
51,49545,Executive,Male,3,4,1
51,58783,Executive,Male,4,5,1
55,49533,Manager,Male,6,4,1
29,93475,Entry Level,Female,3,2,1
42,74259,Mid-Level,Female,6,1,1
29,34830,Homemaker,Female,2,5,1
21,75961,Student,Male,4,2,1
59,92792,Executive,Female,2,2,1
40,93116,Mid-Level,Female,4,1,1
36,52025,Manager,Female,1,1,1
27,91258,Entry Level,Male,1,2,1
59,30673,Executive,Male,4,1,1
20,61249,Entry Level,Female,2,2,1
34,91763,Mid-Level,Male,2,1,1
25,62914,Entry Level,Male,2,2,1
35,67618,Mid-Level,Male,6,4,1
22,57827,Student,Female,1,4,1
43,78491,Manager,Female,4,3,1
58,53700,Manager,Female,5,2,1
53,72081,Manager,Male,1,5,1
48,41351,Executive,Male,3,1,1
53,58718,Executive,Female,4,1,1
60,92272,Executive,Male,3,2,1
41,80164,Mid-Level,Female,5,4,3
57,45511,Executive,Male,4,1,1
22,59984,Student,Male,2,4,1
37,79488,Mid-Level,Male,3,3,1
52,77173,Manager,Female,6,4,3
30,90672,Mid-Level,Male,4,1,1
22,98282,Student,Female,1,2,1
42,39086,Mid-Level,Male,2,2,1
51,54234,Manager,Female,1,1,1
35,73768,Mid-Level,Male,4,2,1
55,77026,Manager,Female,1,3,1
49,79369,Executive,Female,3,5,1
60,55736,Manager,Male,4,3,1
24,40886,Student,Female,2,2,1
52,81909,Executive,Male,2,2,1
41,37110,Manager,Female,1,1,1
50,94524,Executive,Female,5,4,3
35,81303,Manager,Female,6,2,1
35,80396,Manager,Male,5,4,2
55,89082,Executive,Female,5,4,3
38,82405,Manager,Male,6,2,1
39,69472,Mid-Level,Male,3,5,1
44,72334,Manager,Male,2,4,1
44,65763,Mid-Level,Female,3,5,1
35,54262,Manager,Female,1,2,1
40,71987,Manager,Female,2,3,2
54,65984,Executive,Male,3,1,1
35,83134,Manager,Male,3,4,2
27,66967,Entry Level,Male,4,5,1
42,97525,Manager,Female,4,1,1
59,79104,Executive,Male,1,5,1
39,87263,Mid-Level,Male,4,4,1
36,63283,Manager,Male,5,4,2
26,91392,Student,Male,6,2,1
60,71236,Manager,Male,5,2,1
54,69852,Executive,Male,3,2,1
55,82639,Manager,Male,3,1,1
41,77577,Manager,Female,5,3,1
20,86523,Entry Level,Male,1,2,1
20,91887,Student,Female,3,5,1
54,55411,Executive,Male,4,2,1
58,71015,Manager,Female,3,4,1
48,73946,Manager,Male,6,5,3
53,91763,Manager,Male,2,5,1
32,79943,Manager,Male,6,1,1
53,69730,Executive,Female,1,2,1
52,47687,Executive,Female,4,1,1
35,99671,Manager,Male,2,5,2
37,78538,Manager,Female,4,1,1
34,90426,Mid-Level,Female,4,2,1
59,96933,Executive,Female,3,1,1
22,35738,Student,Male,3,4,1
26,44437,Homemaker,Female,5,1,1
48,58038,Executive,Male,4,4,1
56,97380,Executive,Female,6,2,1
55,62376,Executive,Female,2,1,1
29,36131,Student,Male,1,4,1
55,98561,Manager,Male,2,2,1
51,90855,Executive,Female,3,4,1
37,45840,Mid-Level,Female,3,4,1
33,65581,Manager,Female,6,4,2
60,60796,Executive,Male,5,2,1
26,44463,Entry Level,Male,6,2,1
44,77115,Manager,Male,1,2,1
59,73817,Manager,Female,2,4,1
39,37741,Mid-Level,Female,2,5,1
44,76848,Manager,Female,2,3,1
45,92683,Executive,Male,4,1,1
44,61621,Mid-Level,Male,3,5,1
60,36649,Manager,Female,1,5,1
57,36252,Executive,Female,3,3,1
52,55781,Executive,Male,5,5,1
25,42165,Entry Level,Female,6,4,1
31,70505,Manager,Female,2,2,1
43,58847,Manager,Male,6,3,1
57,89354,Manager,Male,2,5,1
22,73309,Entry Level,Female,2,5,1
40,39506,Mid-Level,Male,3,1,1
50,93440,Executive,Female,1,2,1
47,97724,Executive,Male,6,2,1
56,81138,Executive,Male,6,2,1
33,60876,Manager,Male,5,4,2
58,30657,Manager,Female,5,3,1
51,54136,Executive,Female,2,1,1
42,44640,Mid-Level,Female,6,5,1
54,30361,Executive,Female,3,3,1
58,40771,Manager,Female,3,3,1
41,73871,Manager,Female,1,2,1
50,45524,Executive,Male,4,3,1
22,33386,Student,Female,2,2,1
53,71541,Manager,Male,2,2,1
37,34198,Manager,Female,5,2,1
31,86324,Mid-Level,Male,6,2,1
43,96344,Mid-Level,Female,3,4,1
53,70529,Manager,Female,6,4,3
23,70153,Student,Female,4,5,1
46,39552,Manager,Male,1,2,1
27,87011,Student,Female,4,5,1
49,89599,Executive,Female,6,5,3
60,35579,Manager,Female,1,3,1
28,54227,Homemaker,Female,6,1,1
31,48666,Mid-Level,Male,5,4,1
29,39483,Entry Level,Female,6,4,1
43,96868,Mid-Level,Female,3,4,1
55,59517,Executive,Female,1,4,1
55,54996,Manager,Male,4,3,1
32,34530,Manager,Female,1,4,1
31,70738,Mid-Level,Female,4,3,1
26,32209,Homemaker,Female,6,2,1
42,33367,Manager,Male,2,3,1
34,34940,Mid-Level,Female,3,2,1
37,54205,Manager,Female,1,2,1
56,89987,Executive,Female,4,2,1
55,47572,Executive,Female,4,5,1
31,75817,Mid-Level,Female,6,5,1
52,86223,Executive,Male,4,4,3
53,30564,Executive,Female,1,5,1
20,34888,Entry Level,Male,5,2,1
38,49844,Manager,Male,3,3,2
44,65947,Manager,Female,1,5,1
49,57406,Executive,Male,1,4,1
40,83006,Mid-Level,Female,5,1,1
51,63116,Executive,Male,4,4,3
29,34213,Student,Male,6,1,1
25,88276,Student,Female,4,4,1
39,47396,Mid-Level,Female,2,4,1
31,75930,Mid-Level,Male,6,4,1
46,97497,Executive,Female,4,2,1
57,77539,Manager,Female,5,3,1
51,81606,Executive,Female,2,2,1
57,57310,Executive,Female,5,1,1
57,79026,Manager,Male,5,4,3
42,88372,Manager,Female,6,4,3
22,34926,Student,Male,3,3,1
32,73802,Mid-Level,Female,5,4,1
59,51851,Manager,Female,2,2,1
22,75464,Entry Level,Male,1,4,1
36,41703,Manager,Male,6,2,1
51,94611,Manager,Female,5,4,3
34,80806,Manager,Female,1,5,2
48,66129,Executive,Male,5,2,1
26,93301,Entry Level,Female,3,1,1
30,85592,Mid-Level,Male,4,1,1
35,63078,Manager,Male,3,3,2
48,69805,Executive,Female,5,4,3
26,74902,Student,Male,2,4,1
25,47737,Student,Female,2,3,1
26,36736,Entry Level,Male,2,3,1
35,95862,Manager,Female,5,2,1
41,40257,Mid-Level,Male,3,4,1
42,54177,Manager,Male,6,5,1
56,94284,Manager,Male,2,5,1
24,43288,Entry Level,Male,5,4,1
41,41059,Manager,Female,6,3,1
32,70924,Mid-Level,Male,5,3,1
53,62699,Manager,Female,1,5,1
44,47207,Manager,Male,3,5,1
26,80334,Entry Level,Female,1,5,1
46,44333,Manager,Female,3,3,1
27,93138,Homemaker,Female,6,3,1
55,63117,Executive,Male,5,1,1
55,60941,Manager,Male,6,5,3
28,63111,Student,Female,4,5,1
20,31522,Entry Level,Male,1,1,1
31,91362,Manager,Male,5,3,2
31,36408,Manager,Male,1,4,1
38,85207,Mid-Level,Male,1,3,1
24,52445,Entry Level,Male,1,2,1
26,31152,Homemaker,Female,6,1,1
48,64215,Executive,Male,6,4,3
46,85049,Manager,Female,3,3,1
58,39331,Executive,Female,5,3,1
33,75682,Manager,Female,4,1,1
46,69500,Executive,Male,3,4,1
35,51057,Manager,Male,6,3,2
44,98275,Mid-Level,Female,4,3,1
57,39890,Executive,Male,1,1,1
34,74574,Manager,Female,6,2,1
27,56405,Entry Level,Female,5,4,1
22,83639,Entry Level,Female,3,4,1
60,34417,Manager,Male,6,1,1
50,37909,Executive,Male,1,5,1
45,87332,Executive,Female,3,5,1
55,83671,Executive,Female,5,1,1
23,84303,Entry Level,Female,4,5,1
25,38076,Entry Level,Female,2,2,1
37,36585,Mid-Level,Female,6,5,1
34,44302,Manager,Male,1,2,1
34,84109,Manager,Female,2,2,1
41,53006,Mid-Level,Male,6,1,1
27,70599,Homemaker,Female,5,3,1
49,77919,Executive,Female,4,4,3
53,46518,Manager,Female,4,5,1
32,61211,Manager,Female,4,3,2
36,96008,Mid-Level,Male,1,2,1
58,84902,Executive,Male,1,2,1
41,32085,Mid-Level,Female,3,1,1
33,99683,Manager,Male,6,4,2
23,35032,Homemaker,Female,3,4,1
40,65773,Manager,Male,3,3,2
55,50799,Manager,Female,4,4,1
59,90968,Executive,Male,2,1,1
34,91790,Mid-Level,Male,4,4,1
44,39632,Manager,Female,3,3,1
43,88485,Mid-Level,Male,6,5,3
29,43736,Entry Level,Female,3,2,1
23,47981,Entry Level,Female,1,4,1
45,43545,Manager,Male,6,5,1
39,77116,Mid-Level,Male,5,5,1
23,47633,Homemaker,Female,3,5,1
49,43844,Executive,Male,5,1,1
48,85506,Executive,Female,4,2,1
21,95616,Student,Female,2,2,1
29,62638,Entry Level,Male,2,1,1
43,91004,Manager,Male,5,3,1
27,30650,Homemaker,Female,6,2,1
43,60369,Manager,Male,5,2,1
47,81926,Manager,Female,6,5,3
28,51573,Entry Level,Male,2,3,1
32,98540,Manager,Female,6,5,2
22,84638,Entry Level,Female,1,5,1
22,39061,Homemaker,Female,4,1,1
21,55388,Entry Level,Female,5,3,1
30,71039,Manager,Female,5,2,1
43,92097,Manager,Female,2,3,1
53,67830,Manager,Female,5,5,3
32,43747,Mid-Level,Female,3,5,1
24,55882,Entry Level,Female,4,2,1
21,98729,Student,Male,2,3,1
52,80759,Executive,Male,4,4,3
39,91902,Manager,Male,3,4,2
59,86774,Manager,Male,3,1,1
32,49244,Manager,Male,1,3,2
59,46033,Executive,Male,1,1,1
37,53515,Manager,Female,6,2,1
35,35436,Mid-Level,Female,3,1,1
56,78405,Manager,Male,4,4,3
20,41076,Entry Level,Male,3,4,1
27,34307,Entry Level,Female,3,3,1
50,43148,Executive,Male,4,1,1
37,83313,Manager,Female,4,2,1
31,42535,Mid-Level,Female,2,5,1
29,46157,Entry Level,Female,5,2,1
34,53206,Mid-Level,Female,1,5,1
38,53946,Manager,Female,3,2,1
56,41862,Manager,Male,2,4,1
36,97337,Manager,Male,6,3,2
33,92249,Mid-Level,Female,4,5,1
60,62934,Manager,Male,2,4,1
34,74273,Mid-Level,Female,4,1,1
56,40754,Executive,Male,4,1,1
59,57179,Manager,Female,2,4,1
36,97993,Mid-Level,Male,5,5,1
27,88146,Entry Level,Female,4,4,1
48,75208,Executive,Female,2,2,1
30,92775,Mid-Level,Male,1,5,1
44,50437,Manager,Female,1,5,1
55,60743,Executive,Female,4,4,3
30,68361,Mid-Level,Female,2,5,1
46,65892,Executive,Male,6,1,1
43,69842,Mid-Level,Female,2,5,1
48,36453,Manager,Female,2,3,1
40,39239,Manager,Male,5,5,1
23,96787,Student,Male,2,3,1
60,79830,Executive,Female,1,5,1
52,97639,Manager,Female,4,5,3
39,74186,Mid-Level,Male,2,5,1
28,42210,Entry Level,Male,5,4,1
45,38384,Executive,Male,5,2,1
51,86132,Manager,Male,6,5,3
41,86604,Manager,Male,1,5,1
33,87128,Mid-Level,Male,2,1,1
50,62904,Executive,Male,6,3,1
26,30130,Homemaker,Female,2,1,1
23,86680,Student,Female,4,2,1
30,55875,Manager,Male,1,5,2
36,90026,Mid-Level,Female,1,3,1
60,98471,Manager,Female,3,3,1
38,62252,Manager,Male,6,1,1
60,78422,Executive,Male,2,3,1
33,43182,Mid-Level,Male,1,5,1
29,84193,Student,Female,4,5,1
49,31113,Executive,Male,6,5,1
35,44592,Manager,Male,2,4,2
58,77186,Manager,Male,5,1,1
49,42410,Manager,Female,6,5,1
20,50982,Entry Level,Male,1,4,1
38,45953,Manager,Female,5,4,2
35,91656,Manager,Male,5,2,1
56,48384,Manager,Female,3,3,1
49,33146,Executive,Male,3,2,1
44,64913,Manager,Female,6,4,3
21,92697,Student,Male,3,5,1
43,34142,Mid-Level,Female,3,4,1
56,51971,Manager,Female,1,4,1
20,38117,Student,Male,2,1,1
37,73436,Manager,Male,5,1,1
51,86991,Executive,Male,1,5,1
51,35422,Executive,Male,1,4,1
50,59186,Manager,Male,6,4,1
46,99678,Manager,Male,2,5,1
22,99657,Student,Female,5,1,1
20,41219,Student,Male,3,1,1
56,70972,Executive,Female,4,2,1
36,80098,Mid-Level,Female,5,3,1
46,30781,Executive,Female,1,2,1
43,78467,Manager,Female,1,5,1
29,74515,Homemaker,Female,1,5,1
25,44674,Entry Level,Female,4,1,1
43,45610,Manager,Male,6,2,1
33,74767,Mid-Level,Female,1,3,1
60,36350,Executive,Female,4,2,1
46,51418,Manager,Male,2,1,1
59,30143,Executive,Female,5,4,1
32,86950,Mid-Level,Female,1,2,1
47,58073,Executive,Male,1,2,1
36,69332,Manager,Female,5,1,1
45,94473,Manager,Male,3,5,1
38,72965,Manager,Male,3,2,1
30,80593,Mid-Level,Female,5,2,1
39,51837,Manager,Female,4,4,2
33,51586,Mid-Level,Male,2,2,1
35,45437,Mid-Level,Male,6,5,1
59,93743,Manager,Male,5,5,3
25,79553,Entry Level,Male,1,5,1
59,82606,Manager,Male,1,5,1
42,66776,Manager,Female,2,4,1
45,91609,Manager,Female,5,5,3
42,64916,Mid-Level,Female,6,2,1
49,92037,Manager,Male,2,3,1
56,82322,Manager,Male,6,2,1
28,76518,Student,Female,6,1,1
43,32634,Manager,Female,4,4,1
46,48500,Manager,Female,6,4,1
27,83346,Entry Level,Female,5,1,1
30,30911,Manager,Male,4,2,1
31,90059,Mid-Level,Male,2,1,1
50,31049,Manager,Male,3,4,1
45,33916,Manager,Female,2,4,1
38,84756,Mid-Level,Male,6,1,1
52,56146,Executive,Male,4,4,1
25,84751,Student,Female,2,5,1
31,69882,Mid-Level,Male,6,1,1
36,42443,Manager,Male,5,1,1
29,47615,Student,Female,2,3,1
58,33008,Executive,Female,5,2,1
24,57336,Entry Level,Male,3,2,1
37,94798,Mid-Level,Male,5,5,1
43,40456,Mid-Level,Female,5,3,1
37,39390,Mid-Level,Female,6,2,1
59,76625,Manager,Female,3,1,1
52,33867,Manager,Female,4,5,1
49,58807,Executive,Female,3,2,1
39,43470,Manager,Female,5,1,1
20,70730,Student,Female,4,5,1
48,99351,Executive,Female,5,2,1
31,91513,Manager,Female,5,4,2
54,58476,Executive,Female,1,3,1
27,43198,Entry Level,Female,4,3,1
54,48240,Manager,Female,2,3,1
24,30598,Entry Level,Male,1,3,1
32,60053,Mid-Level,Female,2,4,1
52,35435,Executive,Female,1,5,1
45,85805,Manager,Male,5,4,3
47,84072,Executive,Male,1,2,1
37,55663,Mid-Level,Female,3,3,1
53,62362,Manager,Male,5,4,3
58,98306,Manager,Male,6,1,1
40,97835,Manager,Male,2,5,2
27,76095,Homemaker,Female,5,1,1
32,59768,Mid-Level,Male,5,4,1
29,56454,Student,Male,5,2,1
33,32895,Manager,Male,3,3,1
46,90249,Manager,Female,3,2,1
59,72851,Executive,Female,5,4,3
25,35969,Entry Level,Female,1,1,1
49,88454,Executive,Female,1,1,1
58,41052,Manager,Male,6,5,1
51,84613,Executive,Male,6,4,3
51,93529,Manager,Female,6,3,1
49,39140,Executive,Male,3,4,1
53,30724,Manager,Female,6,5,1
24,44002,Entry Level,Female,2,5,1
34,40583,Manager,Female,5,2,1
59,53757,Executive,Female,2,2,1
29,75785,Homemaker,Female,3,1,1
20,34822,Entry Level,Male,4,5,1
51,40027,Manager,Female,1,5,1
28,37875,Entry Level,Female,5,2,1
44,32092,Manager,Male,4,4,1
35,30110,Manager,Female,1,5,1
58,38540,Executive,Female,2,2,1
54,42595,Executive,Female,3,1,1
30,93665,Manager,Male,5,3,2
32,64487,Mid-Level,Male,2,4,1
42,81723,Manager,Male,1,3,1
32,67490,Mid-Level,Female,2,4,1
45,36368,Manager,Male,4,3,1
33,63237,Manager,Male,2,4,2
30,48639,Mid-Level,Male,6,2,1
53,72051,Executive,Male,5,1,1
58,90194,Manager,Male,2,5,1
20,93145,Entry Level,Female,2,1,1
43,37306,Mid-Level,Female,3,4,1
51,49090,Executive,Male,4,3,1
46,40437,Manager,Male,3,1,1
58,77483,Manager,Female,3,4,1
58,92049,Executive,Female,3,3,1
24,71056,Entry Level,Female,2,4,1
49,98896,Manager,Male,5,4,3
44,82969,Manager,Male,5,5,3
44,33047,Mid-Level,Male,6,3,1
22,36845,Homemaker,Female,1,4,1
21,32597,Entry Level,Female,5,5,1
53,72853,Executive,Female,6,1,1
26,50200,Student,Male,6,4,1
48,38162,Manager,Female,1,4,1
57,54278,Manager,Male,3,4,1
50,92409,Manager,Female,6,5,3
28,84058,Entry Level,Male,2,4,1
40,98795,Mid-Level,Female,6,5,1
34,50363,Mid-Level,Female,4,3,1
55,79754,Executive,Female,1,4,1
23,82196,Student,Male,6,1,1
36,91523,Manager,Male,1,2,1
28,62690,Entry Level,Female,3,3,1
24,35161,Entry Level,Male,1,3,1
31,73043,Mid-Level,Female,2,4,1
49,33717,Manager,Female,3,4,1
45,51860,Manager,Female,1,1,1
22,37813,Student,Female,6,4,1
58,33403,Manager,Female,2,2,1
50,46494,Manager,Male,5,4,1
60,50571,Manager,Male,2,3,1
33,72281,Manager,Female,6,2,1
51,60672,Manager,Female,1,3,1
48,98416,Executive,Male,3,4,1
53,54881,Executive,Female,1,1,1
37,85270,Mid-Level,Female,2,1,1
53,66798,Executive,Female,2,2,1
42,85884,Manager,Female,5,1,1
27,64809,Entry Level,Male,3,2,1
41,41721,Manager,Female,1,1,1
55,49475,Manager,Female,5,1,1
50,41785,Executive,Male,6,1,1
51,61654,Executive,Male,5,5,3
29,79705,Student,Male,4,5,1
43,75285,Manager,Female,5,5,3
40,88943,Mid-Level,Male,6,1,1
36,72961,Mid-Level,Female,4,4,1
58,79121,Executive,Female,2,4,1
48,57234,Manager,Female,1,1,1
21,88616,Entry Level,Male,1,5,1
60,94883,Manager,Female,5,5,3
55,49179,Manager,Male,1,5,1
34,73851,Mid-Level,Female,6,4,1
53,34030,Executive,Female,6,5,1
38,63784,Manager,Female,3,5,2
21,49994,Student,Female,6,4,1
56,43619,Executive,Male,3,3,1
45,92748,Manager,Female,1,3,1
59,64258,Manager,Female,2,2,1
60,34026,Executive,Female,3,2,1
50,62312,Executive,Male,5,3,1
52,48289,Manager,Male,5,3,1
46,84647,Executive,Female,2,4,1
28,70062,Student,Female,3,5,1
54,96328,Executive,Male,1,4,1
26,48294,Entry Level,Female,4,5,1
60,59226,Manager,Male,3,4,1
48,79623,Manager,Male,6,3,1
31,81340,Manager,Female,1,5,2
33,78322,Mid-Level,Female,2,4,1
44,82510,Manager,Female,1,2,1
47,67395,Manager,Male,6,3,1
50,73399,Executive,Male,6,4,3
27,44625,Student,Female,5,1,1
21,39789,Entry Level,Female,2,4,1
44,80145,Mid-Level,Female,3,3,1
45,75282,Manager,Female,6,5,3
54,97139,Executive,Male,1,5,1
60,86674,Executive,Female,3,2,1
51,55070,Executive,Female,6,3,1
31,76426,Mid-Level,Male,1,4,1
60,41456,Manager,Female,3,3,1
34,41346,Manager,Male,4,2,1
49,80789,Executive,Female,2,2,1
39,77008,Mid-Level,Female,1,2,1
31,96815,Mid-Level,Female,6,1,1
40,73207,Mid-Level,Male,4,5,1
49,92220,Manager,Male,6,4,3
44,34963,Manager,Female,1,2,1
47,65741,Manager,Male,3,5,1
42,81051,Mid-Level,Male,4,5,3
48,92335,Manager,Female,6,4,3
34,73152,Mid-Level,Female,2,5,1
37,45811,Mid-Level,Female,3,2,1
28,31130,Student,Male,1,3,1
47,61804,Executive,Male,1,2,1
55,98579,Executive,Male,3,2,1
27,65845,Homemaker,Female,1,3,1
28,96922,Entry Level,Female,5,1,1
25,56849,Student,Male,2,4,1
60,71496,Manager,Male,3,5,1
48,85576,Executive,Male,3,3,1
56,51739,Executive,Male,4,5,1
58,52945,Manager,Female,6,4,1
55,71017,Executive,Male,6,3,1
38,31264,Manager,Female,5,4,1
48,49459,Manager,Female,1,1,1
43,66022,Mid-Level,Male,6,4,3
22,97641,Entry Level,Female,5,2,1
24,33586,Student,Male,5,1,1
59,54047,Manager,Male,3,2,1
50,91865,Executive,Male,4,1,1
32,85956,Mid-Level,Female,2,4,1
42,91230,Manager,Female,3,4,1
24,33945,Entry Level,Female,3,4,1
24,70236,Student,Male,3,3,1
54,73334,Executive,Female,3,1,1
35,46652,Manager,Male,2,1,1
50,54969,Manager,Female,1,3,1
47,45411,Manager,Male,4,2,1
20,46630,Homemaker,Female,6,1,1
24,33154,Entry Level,Male,2,2,1
43,85365,Mid-Level,Male,6,1,1
39,98663,Manager,Female,2,2,1
36,55675,Mid-Level,Female,6,4,1
29,48793,Entry Level,Female,1,1,1
60,38167,Manager,Male,4,2,1
27,63317,Student,Male,1,5,1
41,92804,Manager,Female,3,4,1
30,52156,Mid-Level,Female,5,2,1
45,36007,Manager,Female,1,1,1
51,99599,Manager,Female,2,5,1
58,33685,Manager,Male,3,1,1
39,59052,Manager,Female,2,3,2
27,99506,Entry Level,Male,1,3,1
45,31443,Manager,Female,3,1,1
28,86739,Entry Level,Female,5,4,1
58,71512,Executive,Female,4,3,1
31,81205,Manager,Female,3,5,2
22,97105,Student,Male,6,2,1
27,84480,Entry Level,Male,3,5,1
26,89375,Entry Level,Male,5,5,1
23,55819,Entry Level,Male,6,2,1
25,70024,Entry Level,Male,4,3,1
23,94863,Entry Level,Female,2,3,1
30,49671,Mid-Level,Male,4,4,1
20,58498,Homemaker,Female,1,2,1
42,59996,Mid-Level,Female,2,2,1
35,81690,Mid-Level,Female,4,2,1
49,58983,Executive,Male,5,4,1
32,94862,Mid-Level,Female,6,5,1
55,36905,Executive,Male,2,5,1
43,55945,Mid-Level,Female,4,2,1
52,35941,Executive,Male,1,1,1
43,68204,Manager,Female,4,3,1
57,53756,Manager,Female,2,4,1
28,58318,Student,Male,2,3,1
46,32072,Manager,Female,2,3,1
23,85198,Entry Level,Male,5,4,1
38,71794,Manager,Female,2,1,1
42,65840,Mid-Level,Male,5,3,1
27,61852,Entry Level,Female,5,1,1
29,97219,Student,Male,2,1,1
24,87741,Student,Female,5,1,1
37,80956,Manager,Male,4,3,2
34,33755,Mid-Level,Male,2,2,1
47,87560,Manager,Male,1,4,1
54,88903,Manager,Male,5,5,3
29,62914,Entry Level,Female,2,5,1
57,52809,Executive,Female,1,3,1
35,69318,Mid-Level,Female,2,2,1
41,38157,Mid-Level,Female,3,2,1
48,53947,Executive,Female,2,5,1
31,98500,Manager,Male,5,2,1
35,66545,Manager,Male,2,2,1
54,30750,Manager,Male,4,5,1
20,74678,Student,Female,2,5,1
59,94213,Executive,Male,1,2,1
22,79473,Student,Male,2,5,1
27,35823,Student,Female,1,4,1
41,72727,Manager,Female,2,4,1
49,88063,Manager,Male,3,3,1
23,53196,Student,Male,3,2,1
48,61775,Manager,Male,2,4,1
33,44886,Mid-Level,Female,4,2,1
45,63051,Manager,Male,1,2,1
57,82728,Executive,Male,3,4,1
52,35211,Manager,Female,5,4,1
41,63553,Manager,Male,5,1,1
53,71010,Manager,Male,5,4,3
59,82826,Manager,Male,4,1,1
57,75793,Manager,Male,4,4,3
45,60101,Manager,Male,2,5,1
39,40172,Manager,Male,2,3,2
59,75987,Executive,Male,1,1,1
39,91852,Manager,Male,2,2,1
59,52404,Executive,Male,1,3,1
42,84475,Manager,Male,5,4,3
44,46407,Mid-Level,Male,5,3,1
31,41489,Mid-Level,Female,3,5,1
40,35565,Manager,Male,6,1,1
37,80415,Manager,Female,1,4,2
33,50771,Mid-Level,Male,2,2,1
48,34264,Manager,Male,3,3,1
35,74274,Manager,Female,4,3,2
32,83064,Manager,Male,6,1,1
39,82722,Manager,Female,4,4,2
34,66214,Mid-Level,Female,5,4,1
31,41676,Mid-Level,Male,3,4,1
27,50022,Homemaker,Female,1,5,1
25,84005,Homemaker,Female,1,3,1
34,89057,Mid-Level,Female,4,3,1
45,91455,Manager,Female,5,3,1
46,58444,Manager,Female,2,1,1
56,77057,Manager,Male,6,1,1
47,47844,Manager,Female,3,3,1
27,91005,Student,Male,6,3,1
47,76833,Executive,Male,2,3,1
47,41613,Manager,Male,3,4,1
29,89501,Student,Female,4,3,1
22,75793,Homemaker,Female,6,1,1
34,92840,Mid-Level,Male,6,5,1
58,61816,Executive,Male,2,2,1
22,33426,Entry Level,Male,4,5,1
52,73302,Manager,Male,3,4,1
48,31494,Manager,Female,6,1,1
33,33273,Manager,Female,1,5,1
60,61182,Executive,Male,6,1,1
46,77044,Executive,Female,2,2,1
37,64250,Mid-Level,Male,6,5,1
36,60707,Mid-Level,Female,5,3,1
53,87532,Manager,Male,1,1,1
41,56953,Mid-Level,Female,1,4,1
50,50134,Executive,Male,2,5,1
54,80366,Executive,Male,1,1,1
52,45265,Executive,Female,6,2,1
24,80601,Student,Male,1,2,1
37,61231,Mid-Level,Male,6,2,1
20,46202,Student,Male,3,1,1
46,61718,Executive,Female,5,5,3
25,70361,Entry Level,Male,4,4,1
34,43507,Manager,Female,6,2,1
39,62887,Manager,Female,4,1,1
39,47989,Manager,Male,5,4,2
29,86857,Homemaker,Female,4,5,1
48,84474,Manager,Male,5,4,3
43,89771,Mid-Level,Male,6,5,3
43,80978,Mid-Level,Female,2,1,1
60,60630,Manager,Male,3,3,1
45,68628,Executive,Male,1,2,1
60,79202,Executive,Female,2,4,1
40,98917,Mid-Level,Male,3,5,1
48,89848,Executive,Female,6,1,1
24,89544,Entry Level,Female,5,1,1
20,99330,Homemaker,Female,4,3,1
55,62124,Executive,Female,4,4,3
25,32861,Student,Male,5,5,1
21,40041,Student,Female,2,5,1
42,37094,Manager,Female,2,4,1
53,68649,Manager,Female,1,1,1
49,35057,Executive,Female,3,2,1
47,93011,Executive,Female,5,3,1
49,51983,Executive,Male,5,4,1
42,64635,Mid-Level,Male,5,2,1
36,58799,Manager,Male,5,2,1
29,81942,Student,Female,1,5,1
45,60905,Executive,Female,6,5,3
57,62813,Manager,Male,4,5,3
38,70519,Mid-Level,Male,3,3,1
39,49863,Manager,Female,1,5,2
46,35007,Manager,Female,1,5,1
28,33448,Homemaker,Female,3,1,1
53,64354,Executive,Male,5,5,3
40,82211,Mid-Level,Male,6,3,1
38,80705,Manager,Male,6,2,1
30,83454,Manager,Female,2,4,2
59,46244,Executive,Female,6,2,1
28,79001,Entry Level,Female,3,2,1
40,83471,Mid-Level,Female,4,3,1
33,70640,Manager,Male,6,5,2
48,84970,Manager,Male,3,1,1
59,99273,Executive,Female,3,5,1
43,65855,Manager,Female,2,2,1
20,44278,Entry Level,Male,4,3,1
37,98393,Mid-Level,Male,2,3,1
42,70199,Manager,Male,1,2,1
33,35733,Manager,Female,1,2,1
56,52420,Manager,Female,3,2,1
42,44412,Manager,Male,1,3,1
55,82966,Manager,Female,4,3,1
25,86574,Homemaker,Female,4,2,1
41,45319,Manager,Female,2,5,1
47,75197,Executive,Male,4,3,1
57,69581,Executive,Female,1,3,1
37,91252,Manager,Female,6,1,1
24,77301,Entry Level,Male,3,1,1
34,82768,Manager,Female,1,5,2
59,56261,Manager,Male,5,1,1
48,56470,Executive,Male,1,3,1
60,83673,Manager,Male,4,3,1
46,38216,Manager,Male,6,3,1
32,39246,Manager,Male,5,5,1
27,40967,Homemaker,Female,6,1,1
58,61916,Manager,Male,1,2,1
49,45776,Executive,Male,1,5,1
28,55007,Student,Male,1,5,1
24,84299,Student,Female,2,5,1
44,88902,Manager,Female,3,5,1
23,96451,Entry Level,Male,3,1,1
55,87318,Manager,Female,4,2,1
23,78882,Student,Male,3,5,1
60,77661,Manager,Female,3,3,1
33,32096,Manager,Female,2,3,1
54,75623,Manager,Male,4,5,3
47,98666,Manager,Male,5,1,1
50,92564,Executive,Female,5,2,1
43,33187,Manager,Female,6,5,1
52,49704,Manager,Male,3,4,1
39,57080,Mid-Level,Male,5,5,1
22,47286,Homemaker,Female,4,5,1
38,65872,Mid-Level,Male,2,5,1
35,92446,Mid-Level,Female,2,5,1
28,54233,Student,Male,3,1,1
32,39661,Mid-Level,Female,6,3,1
35,34034,Mid-Level,Male,1,4,1
33,36862,Mid-Level,Male,4,1,1
56,33204,Manager,Male,4,4,1
50,86012,Manager,Male,6,2,1
27,30028,Entry Level,Male,2,5,1
49,30468,Executive,Female,5,2,1
42,94671,Mid-Level,Male,5,2,1
26,80245,Entry Level,Male,6,3,1
23,80126,Student,Female,6,2,1
56,47239,Executive,Female,2,4,1
23,78774,Homemaker,Female,3,3,1
60,34419,Executive,Female,6,1,1
53,58522,Manager,Male,1,4,1
60,33690,Executive,Female,1,1,1
49,41937,Executive,Male,2,5,1
